

INSERT INTO `pb_menu` (`id`, `menu_name`, `parent_id`, `order_num`, `path`, `component`, `is_frame`, `menu_type`, `visible`, `status`, `perms`, `icon`, `remark`) VALUES
-- 1. 根目录
(1, '博客系统', 0, 1, '/', 'Layout', 1, 'M', '0', '0', '', 'home', '系统根目录'),
-- 2. 用户模块
(2, '用户中心', 1, 10, '/user', 'user/Index', 1, 'C', '0', '0', 'user:view', 'user', '用户相关功能'),
(3, '修改账号', 2, 101, '', '', 1, 'F', '0', '0', 'user:update', 'edit', '修改个人账号'),
(4, '注销账号', 2, 102, '', '', 1, 'F', '0', '0', 'user:logout', 'power-off', '注销账号'),
(5, '用户管理', 2, 103, '', '', 1, 'F', '0', '0', 'user:manage', 'user-group', '禁用其他账号，仅审核/超管可用'),
-- 3. 文章模块
(6, '文章管理', 1, 20, '/article', 'article/Index', 1, 'C', '0', '0', 'article:view', 'article', '文章相关功能'),
(7, '添加文章', 6, 201, '', '', 1, 'F', '0', '0', 'article:add', 'plus', '发布文章，仅审核/超管可用'),
(8, '修改文章', 6, 202, '', '', 1, 'F', '0', '0', 'article:update', 'edit', '编辑文章，仅审核/超管可用'),
(9, '删除文章', 6, 203, '', '', 1, 'F', '0', '0', 'article:delete', 'delete', '删除文章，仅审核/超管可用'),
(10, '审核文章', 6, 204, '', '', 1, 'F', '0', '0', 'article:audit', 'check', '审核文章，仅审核/超管可用'),
-- 4. 评论模块
(11, '评论管理', 1, 30, '/comment', 'comment/Index', 1, 'C', '0', '0', 'comment:view', 'comment', '评论相关功能'),
(12, '发表评论', 11, 301, '', '', 1, 'F', '0', '0', 'comment:add', 'edit', '发布评论，测试阶段游客可用'),
(13, '删除评论', 11, 302, '', '', 1, 'F', '0', '0', 'comment:delete', 'delete', '删除评论'),
(14, '审核评论', 11, 303, '', '', 1, 'F', '0', '0', 'comment:audit', 'check', '审核评论，仅审核/超管可用'),
-- 5. 点赞模块
(15, '点赞功能', 1, 40, '/like', 'like/Index', 1, 'C', '0', '0', 'like:view', 'thumbs-up', '点赞相关功能'),
(16, '添加点赞', 15, 401, '', '', 1, 'F', '0', '0', 'like:add', 'plus', '点赞，测试阶段游客可用'),
(17, '取消点赞', 15, 402, '', '', 1, 'F', '0', '0', 'like:delete', 'minus', '取消点赞，测试阶段游客可用'),
-- 6. 系列模块
(18, '系列管理', 1, 50, '/series', 'series/Index', 1, 'C', '0', '0', 'series:view', 'list', '系列相关功能'),
(19, '添加系列', 18, 501, '', '', 1, 'F', '0', '0', 'series:add', 'plus', '创建系列，仅审核/超管可用'),
(20, '修改系列', 18, 502, '', '', 1, 'F', '0', '0', 'series:update', 'edit', '编辑系列，仅审核/超管可用'),
(21, '删除系列', 18, 503, '', '', 1, 'F', '0', '0', 'series:delete', 'delete', '删除系列，仅审核/超管可用'),
-- 7. 分类模块
(22, '分类管理', 1, 60, '/category', 'category/Index', 1, 'C', '0', '0', 'category:view', 'folder', '分类相关功能'),
(23, '添加分类', 22, 601, '', '', 1, 'F', '0', '0', 'category:add', 'plus', '创建分类，仅审核/超管可用'),
(24, '修改分类', 22, 602, '', '', 1, 'F', '0', '0', 'category:update', 'edit', '编辑分类，仅审核/超管可用'),
(25, '删除分类', 22, 603, '', '', 1, 'F', '0', '0', 'category:delete', 'delete', '删除分类，仅审核/超管可用'),
-- 8. 友链模块
(26, '友链管理', 1, 70, '/friendLink', 'friendLink/Index', 1, 'C', '0', '0', 'friendLink:view', 'link', '友链相关功能'),
(27, '添加友链', 26, 701, '', '', 1, 'F', '0', '0', 'friendLink:add', 'plus', '添加友链，仅正常用户及以上可用'),
(28, '修改友链', 26, 702, '', '', 1, 'F', '0', '0', 'friendLink:update', 'edit', '编辑友链，仅正常用户及以上可用'),
(29, '删除友链', 26, 703, '', '', 1, 'F', '0', '0', 'friendLink:delete', 'delete', '删除友链，仅正常用户及以上可用'),
(30, '审核友链', 26, 704, '', '', 1, 'F', '0', '0', 'friendLink:audit', 'check', '审核友链，仅审核/超管可用');


-- 角色表数据（对应5类权限角色，按级别从低到高排序，补全id列）
INSERT INTO `pb_role` (`id`, `role_name`, `role_key`, `role_sort`, `status`, `del_flag`, `remark`) VALUES
(1, '未登录用户', 'ROLE_UNLOGIN', 1, '0', '0', '未注册账号的访问者，仅拥有基础浏览权限'),
(2, '游客', 'ROLE_VISITOR', 2, '0', '0', '已注册但未绑定身份标识，测试阶段可评论点赞'),
(3, '正常用户', 'ROLE_USER', 3, '0', '0', '已绑定身份标识，可申请添加/修改/删除个人友链'),
(4, '审核管理员', 'ROLE_AUDITOR', 4, '0', '0', '拥有内容审核及基础管理权限，可发布文章'),
(5, '超级管理员', 'ROLE_SUPER', 5, '0', '0', '拥有系统全部操作权限，包含所有管理功能');



-- 角色菜单关联数据（menu_id对应精简版pb_menu表中的菜单ID，按角色级别分配权限）
-- 1. 未登录用户（仅浏览权限，对应菜单ID：1-根目录、2-用户中心（仅查看）、3-文章管理（仅查看）、4-评论管理（仅查看）、5-点赞功能（仅查看）、6-系列管理（仅查看）、7-分类管理（仅查看）、8-友链管理（仅查看））
INSERT INTO `pb_role_menu` (`role_id`, `menu_id`) VALUES
(1, 1), (1, 2), (1, 3), (1, 4), (1, 5), (1, 6), (1, 7), (1, 8);

-- 2. 游客（未登录权限+测试阶段评论/点赞操作，对应菜单ID：未登录权限集+评论发布/删除、点赞添加/取消）
INSERT INTO `pb_role_menu` (`role_id`, `menu_id`) VALUES
(2, 1), (2, 2), (2, 3), (2, 4), (2, 5), (2, 6), (2, 7), (2, 8),
(2, 13), (2, 14), (2, 17), (2, 18);

-- 3. 正常用户（游客权限+友链增删改操作，对应菜单ID：游客权限集+友链添加/修改/删除）
INSERT INTO `pb_role_menu` (`role_id`, `menu_id`) VALUES
(3, 1), (3, 2), (3, 3), (3, 4), (3, 5), (3, 6), (3, 7), (3, 8),
(3, 10), (3, 11), (3, 12), (3, 13), (3, 14), (3, 17), (3, 18),
(3, 29), (3, 30), (3, 31);

-- 4. 审核管理员（正常用户权限+内容审核/核心管理操作，对应菜单ID：正常用户权限集+所有审核/管理按钮）
INSERT INTO `pb_role_menu` (`role_id`, `menu_id`) VALUES
(4, 1), (4, 2), (4, 3), (4, 4), (4, 5), (4, 6), (4, 7), (4, 8),
(4, 9), (4, 10), (4, 11), (4, 12), (4, 13), (4, 14), (4, 15), (4, 16),
(4, 17), (4, 18), (4, 19), (4, 20), (4, 21), (4, 22), (4, 23), (4, 24),
(4, 25), (4, 26), (4, 27), (4, 28), (4, 29), (4, 30), (4, 31), (4, 32);

-- 5. 超级管理员（拥有全部菜单权限，关联所有menu_id）
INSERT INTO `pb_role_menu` (`role_id`, `menu_id`) VALUES
(5, 1), (5, 2), (5, 3), (5, 4), (5, 5), (5, 6), (5, 7), (5, 8),
(5, 9), (5, 10), (5, 11), (5, 12), (5, 13), (5, 14), (5, 15), (5, 16),
(5, 17), (5, 18), (5, 19), (5, 20), (5, 21), (5, 22), (5, 23), (5, 24),
(5, 25), (5, 26), (5, 27), (5, 28), (5, 29), (5, 30), (5, 31), (5, 32);




INSERT INTO pb_category (category_name, parent_id, order_num, description, create_by, create_time, update_by, update_time, remark)
VALUES
-- 一级分类（parentId=0）
('前端开发', 0, 1, 'Web前端技术相关', 1, '2025-01-10 09:20:30', 1, '2025-01-10 09:20:30', ''),
('后端开发', 0, 2, '服务器端技术开发', 1, '2025-01-10 09:22:15', 1, '2025-01-10 09:22:15', ''),
('移动开发', 0, 3, '移动端应用开发', 1, '2025-01-10 09:23:40', 1, '2025-01-10 09:23:40', ''),
('数据库', 0, 4, '数据存储与管理', 1, '2025-01-10 09:25:12', 1, '2025-01-10 09:25:12', ''),
('云计算', 0, 5, '云服务与架构', 1, '2025-01-10 09:26:30', 1, '2025-01-10 09:26:30', ''),
('人工智能', 0, 6, 'AI与机器学习', 1, '2025-01-10 09:27:55', 1, '2025-01-10 09:27:55', ''),

-- 二级分类（parentId关联一级分类ID）
('HTML/CSS', 1, 1, '网页结构与样式', 1, '2025-01-10 09:30:20', 1, '2025-01-10 09:30:20', ''),
('JavaScript', 1, 2, '前端脚本语言', 1, '2025-01-10 09:31:45', 1, '2025-01-10 09:31:45', ''),
('Vue.js', 1, 3, '前端框架', 1, '2025-01-10 09:33:10', 1, '2025-01-10 09:33:10', ''),
('Java', 2, 1, '后端开发语言', 1, '2025-01-10 09:35:22', 1, '2025-01-10 09:35:22', ''),
('Spring Boot', 2, 2, 'Java开发框架', 1, '2025-01-10 09:36:50', 1, '2025-01-10 09:36:50', ''),
('Python', 2, 3, '多用途编程语言', 1, '2025-01-10 09:38:15', 1, '2025-01-10 09:38:15', ''),
('Android', 3, 1, '安卓应用开发', 1, '2025-01-10 09:40:30', 1, '2025-01-10 09:40:30', ''),
('iOS', 3, 2, '苹果应用开发', 1, '2025-01-10 09:41:55', 1, '2025-01-10 09:41:55', ''),
('MySQL', 4, 1, '关系型数据库', 1, '2025-01-10 09:43:20', 1, '2025-01-10 09:43:20', ''),
('Redis', 4, 2, '缓存数据库', 1, '2025-01-10 09:44:45', 1, '2025-01-10 09:44:45', ''),

-- 三级分类（parentId关联二级分类ID）
('ES6+', 8, 1, 'JS新版本特性', 1, '2025-01-10 09:47:10', 1, '2025-01-10 09:47:10', ''),
('Vue 3', 9, 1, 'Vue最新版本', 1, '2025-01-10 09:48:35', 1, '2025-01-10 09:48:35', ''),
('Spring Cloud', 11, 1, '微服务架构', 1, '2025-01-10 09:50:20', 1, '2025-01-10 09:50:20', ''),
('Flutter', 3, 3, '跨平台开发框架', 1, '2025-01-10 09:52:10', 1, '2025-01-10 09:52:10', ''),
('MongoDB', 4, 3, '文档型数据库', 1, '2025-01-10 09:53:45', 1, '2025-01-10 09:53:45', '');


INSERT INTO pblog.`pb_article` (
    `title`, `content`, `summary`, `cover_image`, `author_username`,`author_nickName`,
    `status`, `view_count`, `like_count`, `comment_count`,
    `sticky`, `featured`, `published_at`, `create_by`, `update_by`, `remark`
) VALUES
-- 1. 置顶 + 推荐 文章（已发布）
('2025年前端开发趋势：Vue 3 + Vite 实战指南',
 '### 一、前言\n随着前端技术的快速迭代，Vue 3 已成为企业级项目的主流选择，结合 Vite 的极速构建能力，大幅提升开发效率。本文将从环境搭建、核心特性、实战案例三个维度，带你掌握 Vue 3 + Vite 的开发技巧。\n\n### 二、环境搭建\n1. 安装 Node.js（16+ 版本）\n2. 执行 npm create vite@latest my-vue3-app -- --template vue\n3. 进入项目目录：cd my-vue3-app\n4. 安装依赖：npm install\n5. 启动项目：npm run dev\n\n### 三、核心特性解析\n- Composition API：更灵活的代码组织方式\n- 响应式原理：基于 Proxy 的双向绑定\n- Vite 特性：按需编译、热模块替换\n\n### 四、实战案例\n实现一个 TodoList 应用，包含新增、删除、修改、筛选功能，完整演示 Composition API 的使用场景。',
 '本文详细介绍 2025 年前端主流技术 Vue 3 + Vite 的环境搭建、核心特性及实战案例，帮助开发者快速上手企业级前端开发。',
 '',
 '1234567890','1234567890', '1', 2896, 156, 89, '1', '1', '2025-03-15 10:00:00', 123445, 123445, ''),

-- 2. 置顶 文章（已发布）
('Java 并发编程实战：线程池优化与避坑指南',
 '### 一、线程池的核心价值\n线程池是 Java 并发编程的核心组件，通过复用线程减少创建销毁开销，提升系统吞吐量。但不合理的配置会导致死锁、OOM 等问题，本文结合实战经验讲解线程池优化方案。\n\n### 二、线程池核心参数\n1. corePoolSize：核心线程数\n2. maximumPoolSize：最大线程数\n3. keepAliveTime：空闲线程存活时间\n4. workQueue：任务队列\n5. handler：拒绝策略\n\n### 三、常见坑点与优化\n- 坑点 1：任务队列无界导致 OOM\n- 坑点 2：核心线程数设置过大导致上下文切换频繁\n- 优化方案：根据 CPU 核心数动态调整线程数，结合业务场景选择合适队列\n\n### 四、实战配置示例\n```java\nThreadPoolExecutor executor = new ThreadPoolExecutor(\n    4, 8, 60L, TimeUnit.SECONDS,\n    new ArrayBlockingQueue<>(1024),\n    new ThreadPoolExecutor.CallerRunsPolicy()\n);\n```',
 'Java 并发编程中线程池的核心参数解析、常见坑点及企业级优化方案，附实战配置代码，适合中高级 Java 开发者。',
 '',
 '1234567890','1234567890', '1', 3210, 189, 105, '1', '0', '2025-02-28 14:30:00', 123445, 123445, ''),

-- 3. 推荐 文章（已发布）
('MySQL 性能优化：索引设计与查询调优实战',
 '### 一、索引的本质\n索引是 MySQL 提升查询性能的关键，本质是一种数据结构（B+树），能快速定位数据。但过多索引会影响写入性能，需平衡查询与写入效率。\n\n### 二、索引设计原则\n1. 最左前缀匹配原则\n2. 避免过度索引（单表索引不超过 5 个）\n3. 对高频查询字段建立索引\n4. 避免对大字段建立索引\n\n### 三、查询调优技巧\n- 使用 EXPLAIN 分析执行计划\n- 避免 SELECT *，只查询需要的字段\n- 优化 JOIN 语句，确保关联字段有索引\n- 避免在 WHERE 子句中使用函数操作索引字段\n\n### 四、实战案例\n优化前查询耗时 3.2s，通过添加联合索引、重构 SQL 后，耗时降至 0.05s，详细讲解优化过程。',
 'MySQL 索引设计核心原则、查询调优技巧及真实项目优化案例，从原理到实战，帮助开发者解决数据库性能瓶颈。',
 '',
 '1234567890','1234567890', '1', 4562, 218, 132, '0', '1', '2025-03-10 09:15:00', 123445, 123445, ''),

-- 4. 已发布 文章（普通）
('Python 数据分析入门：Pandas + Matplotlib 实战',
 '### 一、环境准备\n1. 安装 Anaconda：包含 Python、Pandas、Matplotlib 等工具\n2. 验证环境：import pandas as pd; import matplotlib.pyplot as plt\n\n### 二、Pandas 核心操作\n- 读取数据：pd.read_csv("data.csv")\n- 数据清洗：缺失值处理、重复值删除\n- 数据筛选：loc/iloc 方法\n- 数据聚合：groupby 方法\n\n### 三、Matplotlib 可视化\n- 折线图：plt.plot(x, y)\n- 柱状图：plt.bar(x, y)\n- 饼图：plt.pie(data)\n- 图表美化：设置标题、坐标轴标签、图例\n\n### 四、实战案例\n分析某电商平台用户购买数据，挖掘用户消费习惯，生成可视化报表。',
 'Python 数据分析入门教程，详细讲解 Pandas 数据处理和 Matplotlib 数据可视化的核心操作，附实战案例。',
 '',
 '1234567890','1234567890', '1', 1987, 96, 53, '0', '0', '2025-03-05 16:40:00', 123445, 123445, ''),

-- 5. 已发布 文章（普通）
('Spring Boot 3.0 新特性详解与项目迁移指南',
 '### 一、Spring Boot 3.0 核心变化\n1. 基于 Spring Framework 6.0，最低支持 Java 17\n2. 原生支持 GraalVM 编译，提升启动速度\n3. 简化自动配置，支持自定义条件注解\n4. 增强安全特性，默认启用 HTTPS\n\n### 二、项目迁移步骤\n1. 升级 Java 版本至 17+\n2. 修改 pom.xml 中 Spring Boot 版本为 3.0.x\n3. 替换 deprecated API（如 WebSecurityConfigurerAdapter）\n4. 适配新的自动配置规则\n\n### 三、实战迁移案例\n将 Spring Boot 2.7 项目迁移至 3.0，解决遇到的依赖冲突、API 变更等问题，分享迁移经验。',
 'Spring Boot 3.0 新特性解析、Java 17 适配要求及旧项目迁移步骤，附实战案例，帮助开发者快速升级项目。',
 '',
 '1234567890','1234567890', '1', 2678, 145, 78, '0', '0', '2025-02-20 11:20:00', 123445, 123445, ''),

-- 6. 已发布 文章（普通）
('Flutter 跨平台开发实战：从零搭建一款购物 App',
 '### 一、Flutter 环境搭建\n1. 安装 Flutter SDK：https://flutter.dev/docs/get-started/install\n2. 配置环境变量：添加 Flutter 路径到 PATH\n3. 验证环境：flutter doctor\n4. 创建项目：flutter create shopping_app\n\n### 二、核心功能实现\n- 底部导航栏：BottomNavigationBar\n- 列表展示：ListView + Card\n- 网络请求：Dio 库\n- 状态管理：Provider\n- 本地存储：SharedPreferences\n\n### 三、打包发布\n- Android 打包：生成 APK/AAB 文件\n- iOS 打包：配置 Xcode 证书，生成 IPA 文件',
 '从零开始学习 Flutter 跨平台开发，搭建完整购物 App，包含底部导航、列表展示、网络请求、状态管理等核心功能。',
 '',
 '1234567890','1234567890', '1', 1763, 89, 42, '0', '0', '2025-03-08 15:10:00', 123445, 123445, ''),

-- 7. 已发布 文章（普通）
('前端性能优化：从加载、渲染到执行全链路优化',
 '### 一、加载阶段优化\n1. 资源压缩：JS/CSS/图片压缩\n2. 资源缓存：HTTP 缓存、Service Worker\n3. 懒加载：图片、组件懒加载\n4. CDN 加速：静态资源分发\n\n### 二、渲染阶段优化\n1. 减少 DOM 操作：批量更新、虚拟 DOM\n2. 避免重排重绘：使用 will-change、transform 等\n3. 优化 CSS 选择器：避免复杂选择器\n\n### 三、执行阶段优化\n1. 代码分割：按需加载代码\n2. 避免阻塞：异步加载脚本\n3. 优化算法：降低时间复杂度',
 '前端性能优化全指南，从加载、渲染到执行阶段的核心优化技巧，附实战案例和性能检测工具推荐。',
 '',
 '1234567890','1234567890', '1', 2345, 121, 67, '0', '0', '2025-02-15 13:50:00', 123445, 123445, ''),

-- 8. 草稿 文章（未发布）
('人工智能入门：机器学习基础算法详解',
 '### 一、机器学习概述\n机器学习是人工智能的核心，通过数据训练模型，让计算机具备自主学习能力。主要分为监督学习、无监督学习、强化学习三大类。\n\n### 二、基础算法解析\n1. 线性回归：用于预测连续值\n2. 逻辑回归：用于二分类问题\n3. 决策树：可解释性强，适合分类回归\n4. 聚类算法：K-Means、DBSCAN\n\n### 三、实战环境搭建\n1. 安装 Scikit-learn：pip install scikit-learn\n2. 安装 NumPy、SciPy：数据处理依赖\n3. 示例代码：线性回归模型训练与预测\n\n（待补充：算法数学原理、实战案例扩展）',
 '机器学习基础算法入门，包括线性回归、逻辑回归、决策树等核心算法解析，适合人工智能初学者。',
 '',
 '1234567890','1234567890', '0', 0, 0, 0, '0', '0', NULL, 123445, 123445, ''),

-- 9. 已下架 文章（过时内容）
('2024 年 Java 面试高频题汇总（附答案）',
 '### 一、基础部分\n1. Java 中的 == 和 equals 的区别？\n答：== 比较地址（基本类型比较值），equals 默认比较地址，可重写比较内容。\n2. 接口和抽象类的区别？\n答：接口多继承、方法无实现；抽象类单继承、可有普通方法。\n\n### 二、集合部分\n1. ArrayList 和 LinkedList 的区别？\n答：ArrayList 基于数组，查询快增删慢；LinkedList 基于链表，增删快查询慢。\n2. HashMap 的实现原理？\n答：JDK 1.8 后基于数组+链表+红黑树，默认初始容量 16，负载因子 0.75。\n\n### 三、并发部分\n1. 线程安全的集合有哪些？\n答：Vector、HashTable、ConcurrentHashMap 等。',
 '2024 年 Java 面试高频题汇总，涵盖基础、集合、并发、JVM 等核心知识点，附详细答案解析。',
 '',
 '1234567890','1234567890', '2', 5678, 321, 189, '0', '0', '2024-12-01 09:00:00', 123445, 123445, ''),

-- 10. 已发布 文章（普通）
('Redis 高级特性：缓存穿透、击穿、雪崩解决方案',
 '### 一、缓存三大问题解析\n1. 缓存穿透：查询不存在的数据，穿透到数据库\n2. 缓存击穿：热点 key 过期，大量请求打数据库\n3. 缓存雪崩：大量 key 同时过期，数据库压力骤增\n\n### 二、解决方案\n1. 缓存穿透：布隆过滤器、空值缓存\n2. 缓存击穿：互斥锁、热点 key 永不过期\n3. 缓存雪崩：key 过期时间随机化、集群部署、降级熔断\n\n### 三、实战配置\n以 Redis + Spring Boot 为例，实现布隆过滤器和互斥锁的代码示例，解决缓存三大问题。',
 'Redis 缓存穿透、击穿、雪崩三大问题的原理解析和企业级解决方案，附 Spring Boot 实战代码，适合后端开发者。',
 '',
 '1234567890','1234567890', '1', 2987, 167, 93, '0', '0', '2025-03-02 17:20:00', 123445, 123445, '');



-- 文章-分类关联表 测试数据（共20条，覆盖多文章多分类关联场景）
INSERT INTO `pb_ac_relation` (`article_id`, `category_id`) VALUES
-- 文章1（Java相关）关联 分类1（Java）、分类3（后端）
(1, 1),
(1, 3),
-- 文章2（Spring Boot）关联 分类1（Java）、分类3（后端）、分类5（框架）
(2, 1),
(2, 3),
(2, 5),
-- 文章3（Vue实战）关联 分类2（前端）、分类4（JavaScript）
(3, 2),
(3, 4),
-- 文章4（MySQL优化）关联 分类6（数据库）、分类3（后端）
(4, 6),
(4, 3),
-- 文章5（Redis缓存）关联 分类6（数据库）、分类7（中间件）
(5, 6),
(5, 7),
-- 文章6（微服务架构）关联 分类3（后端）、分类7（中间件）、分类8（架构）
(6, 3),
(6, 7),
(6, 8),
-- 文章7（React Hooks）关联 分类2（前端）、分类4（JavaScript）
(7, 2),
(7, 4),
-- 文章8（Docker部署）关联 分类9（运维）、分类8（架构）
(8, 9),
(8, 8),
-- 文章9（设计模式）关联 分类3（后端）、分类8（架构）
(9, 3),
(9, 8),
-- 文章10（小程序开发）关联 分类10（移动端）、分类2（前端）
(10, 10),
(10, 2);


-- 插入3条根评论（root_id=0，parent_id=0，无被回复人，status=1已通过）
INSERT INTO `pb_comment` (`article_id`, `username`, `root_id`, `parent_id`, `to_reply_username`,`content`, `status`, `like_count`, `del_flag`)
VALUES
(1, '1234567890', 0, 0, NULL, '这篇文章写得太好了，很有启发！', '1', 23, '0'),
(1, '1234567890', 0, 0, NULL, '请问文中提到的方案，实际落地难度大吗？', '1', 8, '0'),
(1, '1234567890', 0, 0, NULL, '补充一点：该方案在小团队中可能更适用～', '1', 15, '0'),
(1, '1234567890', 1, 1, 1234567890, '同意！我也觉得核心观点很犀利～', '1', 5, '0'),
(1, '1234567890', 1, 1, 1234567890, '请问可以分享更多实操细节吗？', '1', 3, '0'),
(1, '1234567890', 2, 2, 1234567890, '我落地过，难度不大，关键在前期调研～', '1', 11, '0'),
(1, '1234567890', 3, 3, 1234567890, '确实，大团队需要更多适配工作', '1', 4, '0');

-- 插入留言板数据
INSERT INTO `pb_comment` (
    `article_id`, `username`, `root_id`, `parent_id`, `to_reply_username`,
    `content`, `status`, `like_count`, `del_flag`, `create_time`
) VALUES
-- 根评论1：普通用户留言
(0, '1234567890', 0, 0, NULL,'网站内容很有价值，尤其是技术专栏部分，解决了我工作中遇到的很多问题！','1', 28,'0', '2025-11-01 09:25:30'),
(0, '1234567890', 0, 0, NULL,'希望能增加移动端适配优化，现在手机浏览时部分页面排版有点乱，期待改进～','1', 15, '0', '2025-11-02 14:12:18'),

(0, '1234567890', 0, 0, NULL,'请问网站的资源下载板块什么时候更新？想获取最新的开发工具包','0', 0, '0', '2025-11-03 10:05:45'),
(0, '1234567890', 0, 0, NULL,'代开发票，各类资质办理，联系微信xxx','2', 0, '0', '2025-11-04 16:30:22'),
-- 二级回复
(0, '1234567890', 1, 1, '1234567890','同感！我也是看了技术专栏的MySQL优化篇，把项目性能提升了30%','1', 12, '0', '2025-11-01 10:15:22'),
(0, '1234567890', 2, 2, '1234567890','技术团队已经在处理移动端适配了，预计下周会发布更新版本','1', 8, '0', '2025-11-02 15:20:10'),
(0, '1234567890', 0, 0, NULL,'感谢博主的无私分享，从零基础学到了很多Python实战技巧，太实用了！','1', 45, '0', '2025-11-05 08:30:15'),
(0, '1234567890', 5, 5, '1234567890','+1！我也是跟着教程做了一个爬虫项目，成功爬取了需要的数据','1', 20, '0', '2025-11-05 09:10:08'),
(0, '1234567890', 0, 0, NULL,'请问可以定制开发一个小型电商网站吗？想了解具体的报价和周期','0', 3, '0', '2025-11-06 11:20:33'),
(0, '1234567890', 0, 0, NULL,'测试删除功能的留言内容','1', 0, '1', '2025-11-07 13:40:25');